{
  "test_accuracy": 0.9548494815826416,
  "test_loss": 0.15556074678897858,
  "class_names": [
    "Bear",
    "Bird",
    "Cat",
    "Cow",
    "Deer",
    "Dog",
    "Dolphin",
    "Elephant",
    "Giraffe",
    "Horse",
    "Kangaroo",
    "Lion",
    "Panda",
    "Tiger",
    "Zebra"
  ],
  "confusion_matrix": [
    [
      38,
      0,
      0,
      0,
      0,
      0,
      0,
      0,
      0,
      0,
      0,
      0,
      0,
      0,
      0
    ],
    [
      0,
      41,
      0,
      0,
      1,
      0,
      0,
      0,
      0,
      0,
      0,
      0,
      0,
      0,
      0
    ],
    [
      0,
      0,
      38,
      0,
      0,
      0,
      0,
      0,
      0,
      0,
      0,
      0,
      0,
      0,
      0
    ],
    [
      0,
      0,
      0,
      38,
      0,
      0,
      0,
      1,
      0,
      0,
      0,
      1,
      0,
      0,
      0
    ],
    [
      1,
      0,
      0,
      1,
      38,
      0,
      0,
      0,
      0,
      0,
      0,
      0,
      0,
      0,
      0
    ],
    [
      1,
      0,
      1,
      0,
      0,
      34,
      0,
      0,
      0,
      0,
      0,
      1,
      1,
      0,
      0
    ],
    [
      2,
      1,
      0,
      0,
      0,
      0,
      36,
      0,
      0,
      0,
      1,
      0,
      0,
      0,
      0
    ],
    [
      1,
      0,
      0,
      0,
      0,
      0,
      0,
      37,
      0,
      0,
      1,
      0,
      0,
      0,
      1
    ],
    [
      0,
      0,
      0,
      0,
      2,
      1,
      0,
      0,
      37,
      0,
      0,
      0,
      0,
      0,
      0
    ],
    [
      1,
      0,
      0,
      0,
      0,
      0,
      1,
      0,
      0,
      38,
      0,
      0,
      0,
      0,
      0
    ],
    [
      0,
      0,
      0,
      1,
      0,
      0,
      0,
      0,
      0,
      0,
      37,
      0,
      0,
      0,
      0
    ],
    [
      0,
      0,
      0,
      0,
      0,
      1,
      0,
      1,
      0,
      0,
      0,
      38,
      0,
      0,
      0
    ],
    [
      2,
      0,
      1,
      0,
      0,
      0,
      0,
      0,
      0,
      0,
      0,
      0,
      39,
      0,
      0
    ],
    [
      0,
      0,
      0,
      0,
      0,
      0,
      0,
      0,
      0,
      0,
      0,
      0,
      0,
      40,
      0
    ],
    [
      0,
      0,
      0,
      0,
      0,
      0,
      0,
      0,
      0,
      0,
      0,
      0,
      0,
      0,
      42
    ]
  ],
  "classification_report": {
    "Bear": {
      "precision": 0.8260869565217391,
      "recall": 1.0,
      "f1-score": 0.9047619047619048,
      "support": 38.0
    },
    "Bird": {
      "precision": 0.9761904761904762,
      "recall": 0.9761904761904762,
      "f1-score": 0.9761904761904762,
      "support": 42.0
    },
    "Cat": {
      "precision": 0.95,
      "recall": 1.0,
      "f1-score": 0.9743589743589743,
      "support": 38.0
    },
    "Cow": {
      "precision": 0.95,
      "recall": 0.95,
      "f1-score": 0.95,
      "support": 40.0
    },
    "Deer": {
      "precision": 0.926829268292683,
      "recall": 0.95,
      "f1-score": 0.9382716049382716,
      "support": 40.0
    },
    "Dog": {
      "precision": 0.9444444444444444,
      "recall": 0.8947368421052632,
      "f1-score": 0.918918918918919,
      "support": 38.0
    },
    "Dolphin": {
      "precision": 0.972972972972973,
      "recall": 0.9,
      "f1-score": 0.935064935064935,
      "support": 40.0
    },
    "Elephant": {
      "precision": 0.9487179487179487,
      "recall": 0.925,
      "f1-score": 0.9367088607594937,
      "support": 40.0
    },
    "Giraffe": {
      "precision": 1.0,
      "recall": 0.925,
      "f1-score": 0.961038961038961,
      "support": 40.0
    },
    "Horse": {
      "precision": 1.0,
      "recall": 0.95,
      "f1-score": 0.9743589743589743,
      "support": 40.0
    },
    "Kangaroo": {
      "precision": 0.9487179487179487,
      "recall": 0.9736842105263158,
      "f1-score": 0.961038961038961,
      "support": 38.0
    },
    "Lion": {
      "precision": 0.95,
      "recall": 0.95,
      "f1-score": 0.95,
      "support": 40.0
    },
    "Panda": {
      "precision": 0.975,
      "recall": 0.9285714285714286,
      "f1-score": 0.9512195121951219,
      "support": 42.0
    },
    "Tiger": {
      "precision": 1.0,
      "recall": 1.0,
      "f1-score": 1.0,
      "support": 40.0
    },
    "Zebra": {
      "precision": 0.9767441860465116,
      "recall": 1.0,
      "f1-score": 0.9882352941176471,
      "support": 42.0
    },
    "accuracy": 0.9548494983277592,
    "macro avg": {
      "precision": 0.9563802801269816,
      "recall": 0.9548788638262322,
      "f1-score": 0.9546778251828426,
      "support": 598.0
    },
    "weighted avg": {
      "precision": 0.9570995630456433,
      "recall": 0.9548494983277592,
      "f1-score": 0.9550498798604592,
      "support": 598.0
    }
  },
  "problematic_classes": []
}